TeamID1,TeamID2,Pred
1103,1181,0.10765863300000003
1103,1120,0.10201939749999997
1103,1196,0.09664103
1103,1222,0.10137757499999998
1104,1196,0.35583887000000003
1104,1222,0.48173379000000005
1104,1120,0.365718125
1104,1181,0.300400985
1106,1120,0.11283551
1106,1181,0.11176085500000002
1106,1196,0.1157054
1106,1222,0.078749975
1110,1222,0.08820595
1110,1181,0.10644764500000002
1110,1120,0.09210216000000002
1110,1196,0.10185878000000001
1112,1181,0.23950459999999998
1112,1196,0.15843032500000004
1112,1120,0.21101172499999998
1112,1222,0.36291649
1116,1196,0.21009095500000002
1116,1222,0.30788895
1116,1120,0.19879816499999997
1116,1181,0.30850061500000003
1120,1196,0.48956802
1120,1222,0.61475332
1120,1181,0.50188109
1124,1222,0.305638935
1124,1181,0.241578165
1124,1196,0.22734153
1136,1196,0.136632535
1136,1181,0.13626024999999997
1136,1222,0.15012079
1140,1196,0.13878406
1140,1181,0.16274459000000002
1140,1222,0.30815549999999997
1155,1222,0.327942195
1155,1196,0.23516805000000002
1155,1181,0.2438558
1161,1222,0.179691305
1161,1196,0.13136142
1161,1181,0.11316529000000002
1163,1196,0.258941375
1163,1181,0.332613125
1163,1222,0.40147678
1166,1181,0.17192965
1166,1196,0.16910693000000004
1166,1222,0.242987365
1179,1196,0.169424875
1179,1181,0.164822425
1179,1222,0.16727437499999998
1181,1222,0.566896265
1181,1196,0.37127518000000004
1188,1222,0.0970143325
1188,1196,0.106373615
1196,1222,0.6460738500000001
1208,1222,0.3023559
1211,1222,0.42617335
1213,1222,0.137746635
1219,1222,0.23002452500000004
1103,1104,0.21982116000000002
1103,1277,0.21237490000000003
1103,1385,0.17442487
1103,1397,0.133980487
1104,1385,0.57895209
1104,1277,0.56201402
1104,1397,0.481760025
1106,1277,0.13289463499999998
1106,1397,0.12315106
1106,1385,0.11774057
1110,1385,0.11111286500000003
1110,1277,0.131636725
1110,1397,0.09658378000000001
1112,1277,0.395916685
1112,1397,0.337224915
1112,1385,0.44331535
1116,1397,0.27077931
1116,1277,0.45034069
1116,1385,0.38389757
1120,1397,0.558477125
1120,1277,0.69398626
1120,1385,0.72155686
1124,1397,0.30678959
1124,1385,0.316779925
1124,1277,0.348368345
1136,1385,0.183106435
1136,1277,0.23053242999999995
1136,1397,0.160599265
1140,1397,0.19504821500000002
1140,1277,0.30532032
1140,1385,0.401224415
1155,1397,0.308538
1155,1277,0.3933981
1155,1385,0.44781633499999995
1161,1277,0.23889683
1161,1385,0.266957985
1161,1397,0.19931685999999998
1163,1277,0.38257893500000006
1163,1385,0.458518615
1163,1397,0.28551234999999997
1166,1397,0.17035388499999998
1166,1277,0.261499555
1166,1385,0.310466
1179,1277,0.26332602
1179,1397,0.255855485
1179,1385,0.27951287
1181,1397,0.576660025
1181,1385,0.6402853500000001
1181,1277,0.74929226
1188,1277,0.13882114500000003
1188,1385,0.11681176700000001
1188,1397,0.11136211
1196,1277,0.71667928
1196,1397,0.5697830500000001
1196,1385,0.789515615
1208,1385,0.39952307
1208,1397,0.33354895000000007
1208,1277,0.49556917
1211,1385,0.520550655
1211,1277,0.5547739
1211,1397,0.36770510500000003
1213,1397,0.17125577999999997
1213,1385,0.19450205000000004
1213,1277,0.27554122000000003
1219,1277,0.28794243500000005
1219,1397,0.19833760500000003
1219,1385,0.39841428999999995
1222,1277,0.54284224
1222,1397,0.443995815
1222,1385,0.59021775
1228,1277,0.53592218
1228,1397,0.42185878
1228,1385,0.507369175
1235,1277,0.47063160000000004
1235,1397,0.37550547
1235,1385,0.551217785
1242,1385,0.49003372999999995
1242,1277,0.460644615
1242,1397,0.306513295
1246,1397,0.41303879
1246,1385,0.52873619
1246,1277,0.49980737
1251,1277,0.24467735000000002
1251,1397,0.15995755
1251,1385,0.24986562
1252,1397,0.21424652500000002
1252,1385,0.23751903000000002
1252,1277,0.24315368
1257,1277,0.373011285
1257,1397,0.30319755000000004
1257,1385,0.45080883
1266,1397,0.24146848999999998
1266,1385,0.4172573
1266,1277,0.4157212
1268,1385,0.5875205
1268,1397,0.427251775
1268,1277,0.55179669
1270,1385,0.18934554999999997
1270,1277,0.27960421999999996
1270,1397,0.241447135
1272,1385,0.38620903500000003
1272,1397,0.23773947500000003
1272,1277,0.31686792999999996
1276,1397,0.26742489999999997
1276,1385,0.3955155
1276,1277,0.37079443
1277,1397,0.4170136
1277,1385,0.53315218
1279,1385,0.32749633499999997
1279,1397,0.25545461999999997
1280,1385,0.4174674
1280,1397,0.347718835
1281,1385,0.61878777
1281,1397,0.386401515
1285,1397,0.09694992499999999
1285,1385,0.11373913000000002
1291,1397,0.09774142999999998
1291,1385,0.17570482
1303,1397,0.10502606199999998
1303,1385,0.13958390999999998
1307,1385,0.3431345
1307,1397,0.31373706999999995
1313,1397,0.08502263500000001
1313,1385,0.08964187500000002
1314,1397,0.160535865
1314,1385,0.31131164999999994
1328,1397,0.18655678
1328,1385,0.303964125
1332,1397,0.13970188
1332,1385,0.252084175
1345,1385,0.435794885
1345,1397,0.28543278000000005
1352,1397,0.11404908999999999
1352,1385,0.13487591
1361,1397,0.19628394
1361,1385,0.26926361
1384,1385,0.19694784999999998
1384,1397,0.11864310499999998
1385,1397,0.3859546
1388,1397,0.316277275
1103,1235,0.170197635
1103,1246,0.256244845
1103,1403,0.16955076000000002
1103,1458,0.252988455
1104,1246,0.496707515
1104,1458,0.575375235
1104,1403,0.44629451
1104,1235,0.58752361
1106,1235,0.13661328
1106,1458,0.16944947999999999
1106,1403,0.12615868500000002
1106,1246,0.15112893
1110,1246,0.14105329
1110,1458,0.129865695
1110,1403,0.09618779
1110,1235,0.12071529
1112,1458,0.43231466500000004
1112,1235,0.456035825
1112,1403,0.39050141
1112,1246,0.33687109000000004
1116,1458,0.52549477
1116,1235,0.456562235
1116,1403,0.261065785
1116,1246,0.45575240000000006
1120,1458,0.7241809650000001
1120,1246,0.68143363
1120,1403,0.580128725
1120,1235,0.69027952
1124,1235,0.37815255
1124,1246,0.355493125
1124,1403,0.26872283
1124,1458,0.38049453
1136,1403,0.11467357500000003
1136,1235,0.17784895499999998
1136,1458,0.19461918499999997
1136,1246,0.24554664999999998
1140,1246,0.28273633
1140,1458,0.31232522500000004
1140,1403,0.258245715
1140,1235,0.30599921500000005
1155,1458,0.45648042
1155,1235,0.42782003
1155,1246,0.42084295000000005
1155,1403,0.425449125
1161,1458,0.26655835
1161,1246,0.251209915
1161,1403,0.14013737000000004
1161,1235,0.21658379000000003
1163,1235,0.387053375
1163,1403,0.307672815
1163,1458,0.42620939999999996
1163,1246,0.31532441499999997
1166,1246,0.23082123
1166,1235,0.24326738999999997
1166,1403,0.19279977499999998
1166,1458,0.23382659499999997
1179,1458,0.28954185
1179,1246,0.30782714499999997
1179,1235,0.24721984000000002
1179,1403,0.24588343000000001
1181,1246,0.7051679200000001
1181,1403,0.68559272
1181,1235,0.761757545
1181,1458,0.7488640099999999
1188,1246,0.154207245
1188,1403,0.11683482999999999
1188,1235,0.12910956
1188,1458,0.15357932
1196,1458,0.72477017
1196,1246,0.70246151
1196,1235,0.67126295
1196,1403,0.6088929000000001
1208,1458,0.4846188
1208,1235,0.45332580499999997
1208,1246,0.471057055
1208,1403,0.28682137
1211,1458,0.6403908
1211,1235,0.47417188
1211,1403,0.473505395
1211,1246,0.5716427
1213,1235,0.17818577500000005
1213,1458,0.262239915
1213,1246,0.27401731
1213,1403,0.12994063
1219,1403,0.31488725500000003
1219,1458,0.3323696
1219,1246,0.35427053
1219,1235,0.34608291
1222,1246,0.6445457
1222,1235,0.52155095
1222,1458,0.61409835
1222,1403,0.48495025
1228,1246,0.443502465
1228,1458,0.51550767
1228,1403,0.37606819
1228,1235,0.49942721500000004
1235,1458,0.521123215
1235,1246,0.42206651500000003
1235,1403,0.49038981
1242,1458,0.53788393
1242,1246,0.378472295
1242,1403,0.36249756
1246,1458,0.60838082
1246,1403,0.5064099
1251,1403,0.225216835
1251,1458,0.3256015
1252,1403,0.1691728
1252,1458,0.27721222
1257,1458,0.40957316
1257,1403,0.33717390999999997
1266,1403,0.35904135000000004
1266,1458,0.38294459999999997
1268,1458,0.5661369199999999
1268,1403,0.5249069900000001
1270,1458,0.35318414
1270,1403,0.229136135
1272,1403,0.24593747500000002
1272,1458,0.40530389
1276,1458,0.4335658
1276,1403,0.19202006500000002
1277,1403,0.45169295
1277,1458,0.49743682
1279,1403,0.28693616499999997
1279,1458,0.55761355
1280,1458,0.568152565
1280,1403,0.33671433500000003
1281,1403,0.482493175
1281,1458,0.520794265
1285,1458,0.10546517499999998
1285,1403,0.094473695
1291,1458,0.13589446
1291,1403,0.08200178999999999
1303,1403,0.10360130699999999
1303,1458,0.12130682000000001
1307,1458,0.34448428500000006
1307,1403,0.23546866500000002
1313,1458,0.110789125
1313,1403,0.07615958000000002
1314,1403,0.20564858
1314,1458,0.39142916
1328,1403,0.17826417
1328,1458,0.323613985
1332,1458,0.30444915
1332,1403,0.194733625
1345,1403,0.248188935
1345,1458,0.4797627
1352,1458,0.14071335999999995
1352,1403,0.10033417500000001
1361,1403,0.24507790999999998
1361,1458,0.292344375
1384,1403,0.102992215
1384,1458,0.12864041499999998
1385,1458,0.529844165
1385,1403,0.44522325
1388,1403,0.45897448
1388,1458,0.48392857999999994
1397,1403,0.55979572
1397,1458,0.639003115
1400,1458,0.44635621999999997
1400,1403,0.2867881
1401,1403,0.28976406
1401,1458,0.5003133500000001
1403,1458,0.6236570349999999
1407,1458,0.18278029
1417,1458,0.387205625
1423,1458,0.27390797499999997
1429,1458,0.32476202
1433,1458,0.46263276
1435,1458,0.5547039
1103,1401,0.27399525
1103,1112,0.24100766499999998
1103,1268,0.108937865
1103,1345,0.3367561
1104,1345,0.627075045
1104,1268,0.48974188
1104,1401,0.65808292
1104,1112,0.63810977
1106,1401,0.16559040999999997
1106,1112,0.142504845
1106,1268,0.08560862500000002
1106,1345,0.196872065
1110,1112,0.1341811425
1110,1345,0.13289826300000002
1110,1401,0.159523215
1110,1268,0.08544794500000003
1112,1401,0.461807735
1112,1268,0.391059335
1112,1345,0.454120515
1116,1268,0.31971584999999997
1116,1401,0.5326489050000001
1116,1345,0.5350529799999999
1120,1401,0.8191599650000001
1120,1268,0.57865425
1120,1345,0.797331345
1124,1268,0.32439344999999997
1124,1401,0.45673273000000003
1124,1345,0.45032389500000003
1136,1401,0.28425046499999995
1136,1268,0.16361481
1136,1345,0.284783645
1140,1401,0.34912736499999997
1140,1268,0.25254865000000004
1140,1345,0.39379601
1155,1401,0.46659883
1155,1345,0.454019775
1155,1268,0.371989785
1161,1345,0.31356761
1161,1268,0.21105245499999997
1161,1401,0.32929780000000003
1163,1345,0.428945245
1163,1268,0.33529533499999997
1163,1401,0.5467194
1166,1401,0.36028842000000005
1166,1268,0.21146503499999997
1166,1345,0.318457325
1179,1268,0.17388642000000004
1179,1401,0.35446451500000004
1179,1345,0.34806788
1181,1345,0.734891375
1181,1268,0.5826014100000001
1181,1401,0.708098965
1188,1268,0.08621365500000003
1188,1345,0.18251593000000002
1188,1401,0.177689955
1196,1401,0.81263706
1196,1345,0.76939422
1196,1268,0.6269353150000001
1208,1268,0.31101325
1208,1345,0.5133875999999999
1208,1401,0.50513103
1211,1268,0.41923305
1211,1401,0.60208118
1211,1345,0.712058435
1213,1401,0.337423965
1213,1268,0.11511331249999998
1213,1345,0.28309013
1219,1345,0.4405787
1219,1401,0.48461945000000006
1219,1268,0.19085270999999998
1222,1401,0.71460371
1222,1268,0.47775448
1222,1345,0.6907519
1228,1268,0.5076919499999999
1228,1401,0.51037559
1228,1345,0.52361258
1235,1268,0.486417385
1235,1401,0.545626975
1235,1345,0.5799775
1242,1401,0.5568920749999999
1242,1345,0.48305152500000004
1242,1268,0.37079749000000006
1246,1345,0.63919147
1246,1401,0.64059881
1246,1268,0.415590775
1251,1345,0.32944136999999996
1251,1401,0.36571897
1251,1268,0.14734372999999998
1252,1401,0.39532630999999996
1252,1268,0.17916670499999998
1252,1345,0.380550175
1257,1345,0.44849749
1257,1268,0.34043445
1257,1401,0.40948895
1266,1268,0.280155865
1266,1401,0.45908293499999997
1266,1345,0.440082625
1268,1345,0.67861467
1268,1401,0.688492135
1270,1345,0.38665244
1270,1401,0.395203545
1272,1401,0.45335190000000003
1272,1345,0.419402985
1276,1345,0.41809455
1276,1401,0.48203604
1277,1345,0.555618315
1277,1401,0.50754465
1279,1401,0.63723335
1279,1345,0.564649525
1280,1345,0.59727412
1280,1401,0.56929032
1281,1401,0.627920185
1281,1345,0.62798147
1285,1401,0.16167399999999998
1285,1345,0.12441651
1291,1345,0.15641134
1291,1401,0.19113422500000002
1303,1345,0.170612225
1303,1401,0.18367422499999997
1307,1401,0.45204835
1307,1345,0.38706288499999997
1313,1401,0.198623275
1313,1345,0.171515025
1314,1345,0.44405728499999997
1314,1401,0.42686747
1328,1345,0.430439845
1328,1401,0.423133985
1332,1345,0.36464997
1332,1401,0.31557987499999995
1345,1401,0.48807823499999997
1352,1401,0.263597325
1361,1401,0.37903369
1384,1401,0.20358319000000002
1385,1401,0.635994
1388,1401,0.47712272
1397,1401,0.757275375
1400,1401,0.49419755
1103,1272,0.3072254
1103,1276,0.36007037999999997
1103,1332,0.3265582
1103,1155,0.2242608
1104,1332,0.76900033
1104,1155,0.58826679
1104,1276,0.6062437199999999
1104,1272,0.68206415
1106,1155,0.09373045499999999
1106,1276,0.15994183500000003
1106,1272,0.164619605
1106,1332,0.17790181500000002
1110,1272,0.16536052999999998
1110,1332,0.16427365000000002
1110,1276,0.16174496
1110,1155,0.096196685
1112,1155,0.50168095
1112,1276,0.460218935
1112,1272,0.49174081000000003
1112,1332,0.608471135
1116,1155,0.47026629999999997
1116,1272,0.58220263
1116,1332,0.6904866700000001
1116,1276,0.550594505
1120,1155,0.75932666
1120,1276,0.80821521
1120,1272,0.832944
1120,1332,0.896224875
1124,1332,0.58086735
1124,1155,0.486007385
1124,1276,0.5127906
1124,1272,0.537615375
1136,1155,0.22019373000000003
1136,1276,0.283289275
1136,1332,0.37188394
1136,1272,0.24196812
1140,1155,0.42569656499999997
1140,1276,0.425369825
1140,1332,0.5268117
1140,1272,0.443760425
1155,1276,0.5870249350000001
1155,1272,0.60755505
1155,1332,0.6860629
1161,1332,0.46385771
1161,1272,0.369715095
1161,1276,0.35533363
1163,1332,0.65507603
1163,1272,0.5117316700000001
1163,1276,0.49805866
1166,1276,0.31235391
1166,1272,0.44735614
1166,1332,0.53555655
1179,1276,0.37143993000000003
1179,1332,0.46717025
1179,1272,0.420177865
1181,1276,0.811633775
1181,1332,0.843841325
1181,1272,0.71765216
1188,1272,0.19905435999999999
1188,1332,0.285050425
1188,1276,0.185982135
1196,1272,0.83751908
1196,1332,0.907577375
1196,1276,0.8222927
1208,1272,0.61057152
1208,1276,0.54057382
1208,1332,0.6838066899999999
1211,1272,0.611227705
1211,1276,0.75324458
1211,1332,0.7795255050000001
1213,1276,0.35753880000000005
1213,1272,0.316533635
1213,1332,0.48772301
1219,1332,0.5314585
1219,1276,0.5207276000000001
1219,1272,0.49616894
1222,1332,0.81589019
1222,1272,0.73090014
1222,1276,0.7224744750000001
1228,1272,0.6135790999999999
1228,1332,0.6847727800000001
1228,1276,0.5964461
1235,1332,0.69779163
1235,1276,0.63573459
1235,1272,0.659649685
1242,1332,0.649026305
1242,1276,0.584899485
1242,1272,0.63116434
1246,1272,0.678999865
1246,1332,0.71939987
1246,1276,0.6768535499999999
1251,1272,0.40752473499999997
1251,1332,0.40066727
1251,1276,0.38863044999999996
1252,1272,0.413505625
1252,1276,0.39470841
1252,1332,0.44202237999999994
1257,1332,0.59271183
1257,1272,0.5300220499999999
1257,1276,0.43327637999999996
1266,1276,0.500525775
1266,1332,0.615939725
1266,1272,0.546471895
1268,1332,0.7967523999999999
1268,1272,0.7388777099999999
1268,1276,0.728520305
1270,1276,0.46710795000000005
1270,1332,0.49300884999999994
1270,1272,0.387571485
1272,1276,0.44277166
1272,1332,0.55709089
1276,1332,0.60212786
1277,1332,0.76107339
1279,1332,0.7094827450000001
1280,1332,0.705502345
1281,1332,0.6922019500000001
1285,1332,0.17708004
1291,1332,0.238254585
1303,1332,0.21267427500000002
1307,1332,0.586519435
1313,1332,0.18720722499999998
1314,1332,0.52464852
1328,1332,0.5070651
1103,1281,0.228193335
1103,1228,0.22170346000000002
1103,1140,0.3447835
1103,1279,0.240781275
1104,1140,0.688465075
1104,1281,0.59760265
1104,1228,0.50649415
1104,1279,0.6120288549999999
1106,1281,0.14643129000000002
1106,1228,0.16031760999999997
1106,1140,0.16069054500000002
1106,1279,0.15726391499999998
1110,1140,0.16662671
1110,1281,0.137641585
1110,1228,0.14915641000000002
1110,1279,0.135149815
1112,1281,0.389306885
1112,1228,0.36815868500000004
1112,1140,0.57369115
1112,1279,0.43754388499999997
1116,1279,0.47183473
1116,1228,0.44014483000000004
1116,1140,0.63089902
1116,1281,0.412173855
1120,1279,0.8195313
1120,1228,0.66336778
1120,1140,0.8632219000000001
1120,1281,0.67222038
1124,1279,0.46078277
1124,1228,0.33463387999999994
1124,1281,0.36875099
1124,1140,0.610701455
1136,1281,0.21193654999999997
1136,1228,0.19935438500000002
1136,1140,0.29388907999999997
1136,1279,0.28447330000000004
1140,1279,0.3277272
1140,1228,0.324722485
1140,1281,0.30806112
1155,1279,0.546855935
1155,1281,0.46645424999999996
1155,1228,0.43577169000000004
1161,1228,0.26958788
1161,1279,0.34589892
1161,1281,0.272517385
1163,1281,0.352443785
1163,1279,0.501831355
1163,1228,0.36174807999999997
1166,1281,0.233112265
1166,1279,0.32407
1166,1228,0.23612523500000002
1179,1279,0.375226675
1179,1228,0.302441765
1179,1281,0.349950835
1181,1279,0.75143358
1181,1228,0.66442532
1181,1281,0.6613514249999999
1188,1279,0.19695823499999998
1188,1281,0.165873165
1188,1228,0.128189045
1196,1279,0.80944718
1196,1228,0.672434785
1196,1281,0.686355675
1208,1228,0.46639010000000003
1208,1281,0.43167557
1208,1279,0.46998565999999997
1211,1281,0.504408585
1211,1279,0.63148753
1211,1228,0.543237075
1213,1281,0.239346735
1213,1279,0.35495649500000004
1213,1228,0.26123659
1219,1279,0.486625275
1219,1228,0.325003895
1219,1281,0.37298771500000005
1222,1279,0.69585173
1222,1228,0.591674825
1222,1281,0.49298455
1228,1281,0.527374625
1228,1279,0.507669615
1235,1281,0.4659545
1235,1279,0.53948821
1242,1279,0.5532953249999999
1242,1281,0.4045464
1246,1279,0.52593292
1246,1281,0.57646129
1251,1281,0.24722087
1251,1279,0.34902042499999997
1252,1281,0.29075697
1252,1279,0.40182434999999994
1257,1279,0.49621786
1257,1281,0.406500665
1266,1279,0.47992963
1266,1281,0.36832491
1268,1281,0.5867413100000001
1268,1279,0.7060114150000001
1270,1281,0.31663081000000004
1270,1279,0.42793321500000003
1272,1281,0.335934145
1272,1279,0.393072415
1276,1279,0.41378012499999994
1276,1281,0.30849432
1277,1279,0.5055211
1277,1281,0.46558489999999997
1279,1281,0.45916915
1280,1281,0.48310879
1103,1388,0.17014649999999998
1103,1242,0.273038355
1103,1266,0.25285566000000004
1103,1417,0.22692588
1104,1242,0.64102131
1104,1417,0.665928975
1104,1388,0.5766827999999999
1104,1266,0.63742904
1106,1417,0.13005643500000003
1106,1266,0.1106092675
1106,1388,0.11240257500000002
1106,1242,0.15130095499999996
1110,1266,0.11579905299999999
1110,1417,0.13806992
1110,1242,0.13364341
1110,1388,0.12094801499999999
1112,1242,0.42438265
1112,1388,0.5218256
1112,1417,0.51057096
1112,1266,0.47645465
1116,1388,0.4836593
1116,1266,0.5185712100000001
1116,1242,0.48174576999999996
1116,1417,0.578490525
1120,1388,0.712099585
1120,1417,0.83242927
1120,1266,0.76693427
1120,1242,0.7431384750000001
1124,1388,0.39552429
1124,1417,0.48362131500000005
1124,1266,0.47362727000000004
1124,1242,0.45448904
1136,1388,0.19244905
1136,1417,0.27026138
1136,1242,0.213076965
1136,1266,0.248972765
1140,1242,0.39078935
1140,1417,0.457544465
1140,1266,0.38795219999999997
1140,1388,0.42507379999999995
1155,1266,0.49299638
1155,1388,0.5295679
1155,1242,0.41497003
1155,1417,0.54090726
1161,1266,0.36612860999999997
1161,1417,0.36227195999999995
1161,1242,0.21222238
1161,1388,0.27199185
1163,1242,0.46683155
1163,1266,0.51370367
1163,1417,0.499729515
1163,1388,0.44470413
1166,1417,0.397747685
1166,1266,0.40567499500000004
1166,1388,0.317371775
1166,1242,0.27925631500000003
1179,1266,0.34960343
1179,1417,0.369500205
1179,1242,0.33034463000000003
1179,1388,0.33588962499999997
1181,1242,0.7100869249999999
1181,1388,0.76793493
1181,1417,0.7988239100000001
1181,1266,0.788363515
1188,1417,0.179621725
1188,1242,0.15052114500000002
1188,1266,0.14547704
1188,1388,0.108889402
1196,1266,0.80906838
1196,1388,0.7543040999999999
1196,1242,0.73788255
1196,1417,0.855347765
1208,1388,0.481154935
1208,1242,0.449617175
1208,1266,0.5471557300000001
1208,1417,0.607781535
1211,1417,0.709721905
1211,1388,0.5763212
1211,1242,0.6587642899999999
1211,1266,0.61566351
1213,1242,0.265265895
1213,1417,0.3190844
1213,1266,0.247553325
1213,1388,0.228070265
1219,1242,0.422135695
1219,1266,0.434479875
1219,1388,0.30341655999999995
1219,1417,0.35659686
1222,1266,0.7163487049999999
1222,1242,0.708289385
1222,1417,0.7292300949999999
1222,1388,0.6301813700000001
1228,1388,0.56009422
1228,1266,0.61227934
1228,1242,0.545377435
1228,1417,0.63986824
1235,1388,0.546263295
1235,1417,0.58483988
1235,1242,0.49519632
1235,1266,0.63084892
1242,1417,0.584594115
1242,1266,0.60994655
1242,1388,0.527561015
1246,1266,0.6273638500000001
1246,1417,0.65487482
1246,1388,0.573544265
1251,1388,0.27861729
1251,1417,0.351667765
1251,1266,0.30800068
1252,1417,0.3371771
1252,1266,0.34071169
1252,1388,0.28194233
1257,1417,0.53414245
1257,1388,0.529090065
1257,1266,0.51323987
1266,1417,0.54390678
1266,1388,0.48481199
1268,1417,0.60453537
1268,1388,0.6109188299999999
1270,1388,0.27337447
1270,1417,0.300574585
1272,1417,0.5040982199999999
1272,1388,0.420268965
1276,1417,0.56869802
1276,1388,0.429155945
1277,1417,0.625030215
1277,1388,0.5324256700000001
1279,1417,0.589887025
1279,1388,0.398433465
1280,1417,0.62625582
1280,1388,0.4732396
1281,1417,0.68083129
1281,1388,0.560276185
1285,1388,0.10433442799999998
1285,1417,0.14749078499999999
1291,1417,0.16008880000000003
1291,1388,0.12496527300000002
1303,1417,0.17041761500000002
1303,1388,0.10599202499999999
1307,1417,0.45380117000000003
1307,1388,0.41418097
1313,1388,0.08256560000000002
1313,1417,0.120215687
1314,1388,0.37206450999999996
1314,1417,0.45796268
1328,1417,0.427648115
1328,1388,0.26479699
1332,1417,0.42467356
1332,1388,0.27455526999999996
1345,1388,0.48277689999999995
1345,1417,0.6160559050000001
1352,1388,0.15214354999999996
1352,1417,0.21657408
1361,1388,0.39539363
1361,1417,0.39313531
1384,1417,0.14788084499999998
1384,1388,0.12981162000000002
1385,1388,0.61468202
1385,1417,0.610584675
1388,1417,0.545589815
1397,1417,0.713156435
1400,1417,0.563977405
1401,1417,0.649077175
1403,1417,0.6416668750000001
1407,1417,0.272577615
1103,1163,0.28562226999999996
1103,1211,0.11853465500000003
1103,1280,0.26720397
1103,1257,0.23268301000000002
1104,1280,0.6255200999999999
1104,1163,0.66888227
1104,1257,0.60579775
1104,1211,0.472106535
1106,1257,0.11336229699999997
1106,1211,0.10237435999999998
1106,1163,0.154149235
1106,1280,0.16278595999999998
1110,1211,0.09197134500000001
1110,1280,0.15473684
1110,1163,0.13530429
1110,1257,0.11052934
1112,1257,0.525112925
1112,1280,0.3910575
1112,1211,0.35996083999999995
1112,1163,0.55099495
1116,1163,0.48712805
1116,1280,0.442271735
1116,1211,0.32916042500000003
1116,1257,0.555907205
1120,1257,0.79893275
1120,1280,0.7660793
1120,1163,0.78512314
1120,1211,0.661854505
1124,1163,0.5744806
1124,1257,0.5144112550000001
1124,1211,0.275623295
1124,1280,0.41398707
1136,1280,0.27350109499999997
1136,1257,0.221174815
1136,1211,0.14954265499999997
1136,1163,0.22542367000000002
1140,1257,0.41615599999999997
1140,1280,0.307550615
1140,1163,0.443918245
1140,1211,0.26081095
1155,1280,0.46698953
1155,1211,0.33173550500000004
1155,1257,0.52489218
1155,1163,0.58865769
1161,1211,0.17895698999999998
1161,1280,0.31800649999999997
1161,1163,0.33533837499999997
1161,1257,0.349512845
1163,1257,0.447933985
1163,1211,0.344909205
1163,1280,0.40978134
1166,1280,0.333608315
1166,1257,0.390659565
1166,1211,0.26089673
1179,1257,0.37623097
1179,1211,0.20550979500000002
1179,1280,0.35917263499999996
1181,1257,0.801780315
1181,1211,0.5899818400000001
1181,1280,0.6903898500000001
1188,1280,0.19280974500000003
1188,1257,0.12906891999999998
1188,1211,0.12683434500000001
1196,1257,0.827900175
1196,1211,0.61712504
1196,1280,0.741340415
1208,1257,0.57126276
1208,1211,0.36734326
1208,1280,0.457086565
1211,1257,0.618474685
1211,1280,0.485266425
1213,1280,0.31964822
1213,1257,0.29032847
1219,1257,0.3620547
1219,1280,0.33656058
1222,1280,0.6449145700000001
1222,1257,0.71157489
1228,1280,0.4995085
1228,1257,0.60640736
1235,1280,0.5334175250000001
1235,1257,0.5233981050000001
1242,1257,0.623447955
1242,1280,0.55811543
1246,1257,0.66388822
1246,1280,0.508869765
1251,1280,0.37472622
1251,1257,0.29358742
1252,1257,0.302522815
1252,1280,0.359459565
1257,1280,0.40551834000000003
1266,1280,0.43804896000000004
1268,1280,0.651178405
1270,1280,0.37795801500000004
1272,1280,0.3642415
1276,1280,0.38073714000000003
1277,1280,0.4958078
1279,1280,0.49476289500000004
1103,1328,0.420098465
1103,1208,0.312120615
1103,1166,0.384933725
1103,1124,0.3457098
1104,1166,0.771852975
1104,1124,0.625863045
1104,1208,0.63738459
1104,1328,0.76680718
1106,1208,0.17511861500000003
1106,1328,0.24821611999999998
1106,1124,0.14769136
1106,1166,0.22330785500000003
1110,1328,0.22497969
1110,1166,0.18777506
1110,1124,0.118552135
1110,1208,0.15650643
1112,1208,0.44667827
1112,1124,0.5614552500000001
1112,1328,0.5868560700000001
1112,1166,0.674154835
1116,1328,0.631268685
1116,1166,0.67596904
1116,1208,0.47183478999999995
1116,1124,0.5628269499999999
1120,1124,0.7346177349999999
1120,1166,0.85796941
1120,1208,0.8271843999999999
1120,1328,0.8349277900000001
1124,1208,0.45379506
1124,1166,0.60304079
1124,1328,0.5481987150000001
1136,1166,0.34609165000000003
1136,1208,0.31471905
1136,1328,0.328086015
1140,1328,0.485649635
1140,1208,0.33733689999999994
1140,1166,0.5293829999999999
1155,1166,0.597093065
1155,1208,0.47902745
1155,1328,0.6734149
1161,1208,0.29343686999999996
1161,1166,0.43389978
1161,1328,0.40384399000000004
1163,1208,0.427924285
1163,1328,0.53882776
1163,1166,0.642499315
1166,1328,0.47372059
1166,1208,0.320377545
1179,1328,0.4267341
1179,1208,0.37254037500000003
1181,1328,0.820326235
1181,1208,0.69351189
1188,1208,0.233013015
1188,1328,0.2948045
1196,1328,0.8008024499999999
1196,1208,0.78854332
1208,1328,0.60527013
1211,1328,0.74864466
1213,1328,0.35907605
1219,1328,0.567094145
1222,1328,0.72194968
1228,1328,0.7053289899999999
1235,1328,0.726536655
1242,1328,0.644611125
1246,1328,0.78035287
1251,1328,0.50383577
1252,1328,0.503192815
1257,1328,0.62558706
1266,1328,0.620322515
1268,1328,0.78000461
1270,1328,0.5720852
1272,1328,0.49995135
1276,1328,0.63286524
1277,1328,0.729828075
1279,1328,0.64032774
1280,1328,0.63198298
1281,1328,0.7131093900000001
1285,1328,0.23347578000000002
1291,1328,0.21187441500000004
1303,1328,0.34132812
1307,1328,0.5411734349999999
1313,1328,0.26722727
1314,1328,0.50563304
1103,1429,0.39235909999999996
1103,1307,0.31255777500000004
1103,1116,0.2949431
1103,1435,0.340011335
1104,1307,0.6679782
1104,1435,0.59560738
1104,1429,0.6851003250000001
1104,1116,0.651139115
1106,1307,0.10821056000000003
1106,1116,0.18009393499999998
1106,1429,0.15277825
1106,1435,0.157581065
1110,1435,0.15684925
1110,1429,0.16362283499999997
1110,1307,0.12580098499999998
1110,1116,0.16470675500000004
1112,1435,0.427532225
1112,1116,0.46555943
1112,1307,0.57515511
1112,1429,0.649291375
1116,1429,0.525990455
1116,1435,0.44396590999999996
1116,1307,0.56381045
1120,1307,0.796919315
1120,1435,0.7828175749999999
1120,1429,0.85502901
1124,1307,0.558026105
1124,1435,0.4704327
1124,1429,0.603353065
1136,1307,0.25603078
1136,1429,0.338015615
1136,1435,0.32950880000000005
1140,1429,0.5303888050000001
1140,1307,0.49982913
1140,1435,0.317623115
1155,1307,0.569612875
1155,1435,0.5684754249999999
1155,1429,0.691705535
1161,1435,0.400006715
1161,1307,0.41785066000000004
1161,1429,0.49101296
1163,1435,0.43599881
1163,1307,0.60426696
1163,1429,0.61201367
1166,1429,0.520324735
1166,1307,0.48987323
1166,1435,0.360555125
1179,1307,0.43847562500000004
1179,1435,0.34107401
1179,1429,0.46317635
1181,1429,0.869570525
1181,1307,0.7467368999999999
1181,1435,0.7341130650000001
1188,1435,0.21993572
1188,1429,0.20481009
1188,1307,0.13907042499999997
1196,1435,0.7533388249999999
1196,1429,0.82933078
1196,1307,0.81258143
1208,1307,0.5393778950000001
1208,1429,0.6112261999999999
1208,1435,0.40662992
1211,1307,0.728827245
1211,1429,0.82452879
1211,1435,0.56320372
1213,1429,0.32234248
1213,1435,0.36485537
1213,1307,0.25912843500000005
1219,1307,0.50556566
1219,1435,0.406517625
1219,1429,0.451032515
1222,1307,0.727734525
1222,1435,0.67200715
1222,1429,0.82092872
1228,1435,0.512587965
1228,1307,0.6565489499999999
1228,1429,0.68837266
1235,1435,0.60619831
1235,1307,0.6835289600000001
1235,1429,0.7589188149999999
1242,1307,0.68371223
1242,1435,0.561776765
1242,1429,0.67578772
1246,1307,0.68492842
1246,1435,0.53866475
1246,1429,0.71923946
1251,1307,0.38738732
1251,1429,0.47138055
1251,1435,0.38421142500000005
1252,1429,0.46409482
1252,1435,0.404670435
1252,1307,0.39465119
1257,1429,0.6585923250000001
1257,1435,0.4196518
1257,1307,0.5706243
1266,1435,0.41266210000000003
1266,1307,0.54161961
1266,1429,0.64676215
1268,1307,0.74032385
1268,1435,0.6512430300000001
1268,1429,0.8063072849999999
1270,1435,0.51320833
1270,1429,0.42189635000000003
1270,1307,0.33924124999999994
1272,1429,0.57643619
1272,1435,0.381380765
1272,1307,0.51104317
1276,1429,0.55462229
1276,1435,0.40870195
1276,1307,0.56487769
1277,1429,0.69009148
1277,1307,0.6524947
1277,1435,0.518614315
1279,1429,0.66284086
1279,1435,0.47653365000000003
1279,1307,0.5495766
1280,1307,0.59303145
1280,1429,0.695882425
1280,1435,0.487216875
1281,1435,0.48862320000000004
1281,1429,0.725757495
1281,1307,0.711045785
1285,1307,0.14239414
1285,1435,0.15021548
1285,1429,0.20743297000000002
1291,1435,0.16304821999999997
1291,1429,0.20710188000000002
1291,1307,0.17539013
1303,1429,0.23127579500000003
1303,1307,0.19044578999999998
1303,1435,0.20434796
1307,1429,0.52668145
1307,1435,0.4077975
1313,1435,0.19508906000000004
1313,1429,0.12396967499999999
1314,1435,0.36784245000000004
1314,1429,0.5368980400000001
1328,1435,0.34865630000000003
1328,1429,0.525424075
1332,1429,0.441394865
1332,1435,0.34960317500000004
1345,1429,0.69610982
1345,1435,0.40647500000000003
1352,1435,0.25876734
1352,1429,0.27402905
1361,1429,0.49084964500000006
1361,1435,0.286296515
1384,1435,0.151026165
1384,1429,0.19439295
1385,1435,0.6583103800000001
1385,1429,0.6871946200000001
1388,1429,0.66739872
1388,1435,0.6171825200000001
1397,1435,0.68926632
1397,1429,0.7640994400000001
1400,1435,0.46042409
1400,1429,0.6849768700000001
1401,1429,0.6316249
1401,1435,0.43143109999999996
1403,1429,0.82024324
1403,1435,0.64634011
1407,1429,0.371828085
1407,1435,0.24616344500000004
1417,1435,0.40401057
1417,1429,0.5881424550000001
1423,1429,0.4961629
1423,1435,0.29871656
1429,1435,0.31576088
1433,1435,0.6219079949999999
1103,1179,0.35996924500000005
1103,1433,0.17355548999999998
1103,1361,0.340831185
1103,1462,0.37448586500000003
1103,1400,0.33246780500000006
1103,1314,0.34094359
1104,1179,0.6846025899999999
1104,1462,0.69782287
1104,1400,0.6747523400000001
1104,1314,0.77232312
1104,1433,0.5705253749999999
1104,1361,0.73987895
1106,1179,0.11753677500000001
1106,1314,0.20629729000000002
1106,1400,0.14831451
1106,1361,0.16305560000000002
1106,1462,0.16414074
1106,1433,0.11194557999999999
1110,1433,0.119345175
1110,1179,0.18889258999999997
1110,1361,0.166894005
1110,1462,0.14603463499999997
1110,1314,0.16072138
1110,1400,0.12863379500000002
1112,1462,0.6071182900000001
1112,1361,0.66808125
1112,1179,0.6760963600000001
1112,1314,0.57145974
1112,1433,0.547849465
1112,1400,0.45063862
1116,1361,0.6862955749999999
1116,1462,0.68235901
1116,1314,0.63569483
1116,1433,0.374162405
1116,1179,0.6247806499999999
1116,1400,0.50670241
1120,1433,0.7804747599999999
1120,1314,0.8633183600000001
1120,1179,0.7992429
1120,1361,0.862314105
1120,1462,0.8287660649999999
1120,1400,0.765594865
1124,1314,0.516438395
1124,1400,0.49388305
1124,1361,0.5821081
1124,1179,0.599479365
1124,1433,0.369462115
1124,1462,0.65356799
1136,1314,0.3517501
1136,1400,0.313921795
1136,1462,0.29510115000000003
1136,1361,0.338442225
1136,1179,0.309342125
1136,1433,0.18544094
1140,1462,0.461710825
1140,1400,0.40697834
1140,1361,0.486936465
1140,1314,0.48738535
1140,1433,0.40284005
1140,1179,0.54852333
1155,1361,0.643969835
1155,1314,0.564816475
1155,1179,0.65881025
1155,1462,0.6045943
1155,1400,0.59832301
1155,1433,0.54728908
1161,1462,0.416662
1161,1400,0.33686431
1161,1314,0.375649185
1161,1179,0.473434665
1161,1361,0.39394235
1161,1433,0.30313441500000005
1163,1400,0.42597841
1163,1361,0.57436571
1163,1314,0.604407065
1163,1433,0.47395791
1163,1462,0.617959175
1163,1179,0.602317275
1166,1433,0.275443005
1166,1361,0.51492967
1166,1462,0.5127075
1166,1179,0.5754258649999999
1166,1400,0.34944805
1166,1314,0.4303304
1179,1400,0.40924056999999997
1179,1462,0.46174099999999996
1179,1433,0.34282175
1179,1314,0.39985875
1179,1361,0.512580075
1181,1433,0.766810075
1181,1361,0.775408425
1181,1400,0.8064372799999999
1181,1462,0.81557246
1181,1314,0.814316315
1188,1433,0.12463493499999997
1188,1400,0.15852475
1188,1361,0.228310385
1188,1462,0.2285181
1188,1314,0.25031404999999995
1196,1400,0.74542429
1196,1433,0.765348635
1196,1361,0.812642165
1196,1314,0.854993175
1196,1462,0.8629926
1208,1462,0.6223043850000001
1208,1400,0.500227925
1208,1314,0.644576225
1208,1433,0.38931266499999995
1208,1361,0.63091675
1211,1361,0.669797925
1211,1400,0.5948677200000001
1211,1314,0.7040886749999999
1211,1433,0.604293435
1211,1462,0.75852476
1213,1462,0.3384124
1213,1433,0.198892055
1213,1400,0.314265365
1213,1314,0.40035122999999995
1213,1361,0.33201628
1219,1433,0.38493894000000006
1219,1361,0.52396178
1219,1314,0.51480947
1219,1462,0.49790163
1219,1400,0.43522128
1222,1314,0.735669785
1222,1361,0.78140554
1222,1433,0.6157500149999999
1222,1462,0.744307775
1222,1400,0.7060236500000001
1228,1433,0.5373624399999999
1228,1314,0.67689775
1228,1361,0.760813545
1228,1400,0.605895025
1228,1462,0.68749231
1235,1433,0.59436548
1235,1361,0.757647975
1235,1462,0.705003475
1235,1314,0.7475698399999999
1235,1400,0.6320484799999999
1242,1314,0.6362865
1242,1361,0.71436015
1242,1433,0.444150165
1242,1400,0.58007125
1242,1462,0.70439401
1246,1462,0.74037453
1246,1361,0.75392988
1246,1433,0.5095796
1246,1314,0.7103010000000001
1246,1400,0.6312342
1251,1433,0.30520201999999996
1251,1361,0.38050198
1251,1314,0.46958241999999994
1251,1400,0.468737765
1251,1462,0.4041271
1252,1462,0.39930004
1252,1433,0.305512575
1252,1400,0.439728225
1252,1314,0.43616488
1252,1361,0.44646529999999995
1257,1433,0.509853645
1257,1462,0.56547165
1257,1361,0.67026115
1257,1314,0.540508515
1257,1400,0.58092174
1266,1361,0.604642
1266,1400,0.53894752
1266,1433,0.475460685
1266,1314,0.47827018
1266,1462,0.55661646
1268,1314,0.791315075
1268,1361,0.840944205
1268,1462,0.7791121299999999
1268,1433,0.67088551
1268,1400,0.73074249
1270,1314,0.49709617500000003
1270,1361,0.38436106999999997
1270,1400,0.47330344999999996
1270,1462,0.41684742
1270,1433,0.26497765
1272,1400,0.47154995
1272,1361,0.56903722
1272,1433,0.40690903
1272,1462,0.530690045
1272,1314,0.5401417749999999
1276,1462,0.629272925
1276,1433,0.38332783
1276,1400,0.4893615250000001
1276,1314,0.49733915
1276,1361,0.63821387
1277,1400,0.62230917
1277,1462,0.681431235
1277,1433,0.579321905
1277,1361,0.723581765
1277,1314,0.667253
1279,1361,0.684964865
1279,1400,0.577942365
1279,1314,0.57531271
1279,1433,0.41408855
1279,1462,0.58488919
1280,1314,0.60953754
1280,1400,0.546169135
1280,1433,0.45338100000000003
1280,1361,0.72708217
1280,1462,0.64547921
1281,1361,0.76079739
1281,1433,0.59102159
1281,1314,0.68638182
1281,1400,0.5559773000000001
1281,1462,0.72835057
1285,1433,0.15053305500000003
1285,1361,0.18549754499999999
1285,1314,0.14423272999999998
1285,1462,0.15661466999999998
1285,1400,0.169183265
1291,1462,0.168689365
1291,1361,0.23477523
1291,1314,0.17158800000000002
1291,1433,0.147804125
1291,1400,0.13365509500000003
1303,1433,0.16266467999999998
1303,1400,0.236195025
1303,1361,0.264225315
1303,1314,0.192193495
1303,1462,0.258842455
1307,1400,0.43397158
1307,1462,0.49034543500000005
1307,1433,0.39469390000000004
1307,1361,0.574263525
1307,1314,0.532030625
1313,1462,0.178992995
1313,1400,0.21439253
1313,1314,0.2359948
1313,1361,0.17865109500000004
1313,1433,0.07721141499999998
1314,1361,0.55506932
1314,1400,0.425131285
1314,1462,0.493341415
1314,1433,0.356529075
1328,1400,0.45366496
1328,1462,0.530364975
1328,1361,0.5670117
1328,1433,0.29706607500000004
1332,1361,0.49818125
1332,1462,0.48750582
1332,1400,0.46237052
1332,1433,0.25747794
1345,1400,0.5220009
1345,1361,0.67062271
1345,1462,0.647004425
1345,1433,0.45001649
1352,1361,0.25506021500000003
1352,1433,0.151115585
1352,1400,0.23242203500000003
1352,1462,0.231386735
1361,1400,0.33493178
1361,1462,0.478043035
1361,1433,0.31552842000000003
1384,1400,0.14084311
1384,1462,0.187437605
1384,1433,0.15641242
1385,1400,0.62427704
1385,1433,0.59823142
1385,1462,0.64990135
1388,1400,0.57414903
1388,1462,0.6140489849999999
1388,1433,0.492961485
1397,1433,0.6940324499999999
1397,1462,0.8189146900000001
1397,1400,0.7324564
1400,1433,0.34138192
1400,1462,0.61497684
1401,1433,0.399545975
1401,1462,0.623332115
1403,1433,0.58492938
1403,1462,0.834282465
1407,1433,0.1431747
1407,1462,0.30867155
1417,1433,0.4514946
1417,1462,0.574204075
1423,1462,0.44591060000000005
1423,1433,0.238430115
1429,1462,0.458927125
1429,1433,0.32993510000000004
1433,1462,0.613335185
1435,1462,0.6335642
1458,1462,0.685817795
1459,1462,0.21422863999999997
1103,1161,0.43033697
1103,1251,0.428415835
1103,1471,0.29282234
1103,1270,0.42872042499999996
1104,1270,0.6376392500000001
1104,1251,0.73520404
1104,1161,0.752758075
1104,1471,0.5307714
1106,1471,0.13044495000000003
1106,1251,0.24555638
1106,1270,0.10701764000000001
1106,1161,0.17753903499999996
1110,1270,0.19391522
1110,1471,0.156921245
1110,1251,0.24956040000000002
1110,1161,0.190787285
1112,1471,0.59742755
1112,1161,0.658915865
1112,1270,0.67376423
1112,1251,0.656521325
1116,1270,0.5698339649999999
1116,1471,0.42207639
1116,1251,0.690852225
1116,1161,0.721778035
1120,1251,0.864066145
1120,1270,0.8249500299999999
1120,1471,0.732076865
1120,1161,0.86456613
1124,1270,0.5980729250000001
1124,1471,0.47068980000000005
1124,1251,0.5503543500000001
1124,1161,0.6824690499999999
1136,1471,0.32199782499999996
1136,1251,0.30886354
1136,1270,0.495709255
1136,1161,0.404711335
1140,1471,0.55043798
1140,1251,0.60718147
1140,1270,0.6193849499999999
1140,1161,0.5860644500000001
1155,1161,0.670016765
1155,1471,0.604799565
1155,1251,0.710696905
1155,1270,0.72381122
1161,1251,0.474309535
1161,1270,0.534902395
1161,1471,0.4032266
1163,1270,0.683383125
1163,1251,0.57877652
1163,1471,0.62473111
1166,1471,0.44690975
1166,1251,0.58435265
1166,1270,0.57624195
1179,1251,0.566734955
1179,1270,0.58668743
1179,1471,0.39896055
1181,1270,0.8719979449999999
1181,1471,0.81616733
1181,1251,0.893313765
1188,1471,0.233305985
1188,1251,0.37095898000000005
1188,1270,0.20551836
1196,1270,0.845045465
1196,1471,0.766704245
1196,1251,0.8742724774999999
1208,1251,0.607767715
1208,1471,0.43304546499999996
1208,1270,0.5437278
1211,1251,0.8316209999999999
1211,1270,0.827723575
1211,1471,0.724290715
1213,1270,0.49003413500000004
1213,1251,0.43042638
1213,1471,0.35788278
1219,1270,0.55263011
1219,1471,0.38899364000000003
1219,1251,0.56694035
1222,1270,0.87152701
1222,1251,0.816752945
1222,1471,0.78708747
1228,1270,0.656048
1228,1471,0.5787267
1228,1251,0.70778882
1235,1270,0.766567285
1235,1251,0.73183066
1235,1471,0.60336257
1242,1251,0.702416675
1242,1471,0.46994317499999994
1242,1270,0.6563116649999999
1246,1251,0.6949696000000001
1246,1270,0.593820225
1246,1471,0.492929905
1251,1270,0.47093157500000005
1251,1471,0.36211484
1252,1270,0.5305650399999999
1252,1471,0.38789845
1257,1471,0.531027485
1257,1270,0.64928116
1266,1471,0.593323695
1266,1270,0.688045585
1268,1471,0.7106865099999999
1268,1270,0.835754295
1270,1471,0.418358545
1272,1471,0.461328665
1276,1471,0.43453618000000005
1277,1471,0.6034934000000001
1279,1471,0.47540810999999994
1280,1471,0.49850823499999997
1281,1471,0.5849700499999999
1285,1471,0.18668474000000002
1291,1471,0.214253005
1303,1471,0.18289776000000002
1307,1471,0.58993435
1313,1471,0.125104105
1314,1471,0.46470563499999995
1328,1471,0.34641077499999995
1332,1471,0.421102895
1345,1471,0.40645975
1352,1471,0.3200563
1361,1471,0.46607214500000005
1384,1471,0.18373015999999998
1385,1471,0.72145605
1388,1471,0.594400635
1397,1471,0.6409166150000001
1400,1471,0.493726745
1401,1471,0.441223335
1403,1471,0.70008114
1407,1471,0.3151916
1417,1471,0.5461096599999999
1423,1471,0.39941270500000003
1429,1471,0.47850848
1433,1471,0.59868959
1435,1471,0.46161852
1458,1471,0.5449593100000001
1459,1471,0.17273244
1462,1471,0.40200935000000004
1463,1471,0.4095864
1103,1463,0.3810849
1103,1219,0.39420654
1103,1213,0.5249940900000001
1104,1463,0.65041035
1104,1219,0.718887345
1104,1213,0.7373086799999999
1106,1463,0.12717653999999998
1106,1219,0.17249556
1106,1213,0.16174458500000002
1110,1463,0.15927946000000004
1110,1213,0.30596593
1110,1219,0.19141659499999997
1112,1213,0.71411959
1112,1219,0.66669822
1112,1463,0.647269465
1116,1213,0.627815575
1116,1219,0.564497845
1116,1463,0.5906106
1120,1213,0.8852446700000001
1120,1219,0.839664475
1120,1463,0.841470465
1124,1463,0.59048073
1124,1219,0.5661911099999999
1124,1213,0.7105312
1136,1219,0.252387895
1136,1213,0.436246685
1136,1463,0.31010492
1140,1219,0.59819318
1140,1463,0.5919663
1140,1213,0.672375115
1155,1219,0.6785075
1155,1463,0.70025847
1155,1213,0.764321545
1161,1213,0.622361265
1161,1219,0.458517325
1161,1463,0.51938063
1163,1463,0.6136560799999999
1163,1219,0.6080148949999999
1163,1213,0.736198515
1166,1463,0.552155465
1166,1219,0.54145001
1166,1213,0.60319096
1179,1219,0.54289405
1179,1463,0.5657739
1179,1213,0.618998385
1181,1219,0.842440495
1181,1463,0.8679107749999999
1181,1213,0.8571314699999999
1188,1463,0.21065832
1188,1213,0.362247325
1188,1219,0.28016593999999995
1196,1213,0.86535183
1196,1463,0.85168651
1196,1219,0.8594430049999999
1208,1219,0.58611318
1208,1213,0.6582955749999999
1208,1463,0.574781625
1211,1219,0.80434055
1211,1463,0.827303385
1211,1213,0.84344945
1213,1463,0.31522565
1213,1219,0.30524381999999994
1219,1463,0.448936
1222,1463,0.800378925
1228,1463,0.67510294
1235,1463,0.68372576
1242,1463,0.6471772250000001
1246,1463,0.637530885
1251,1463,0.43076305
1252,1463,0.468179785
1257,1463,0.66320731
1266,1463,0.63544459
1268,1463,0.825536075
1270,1463,0.44595724999999997
1272,1463,0.54505962
1276,1463,0.54577774
1277,1463,0.7037477050000001
1279,1463,0.59099098
1280,1463,0.63834898
1281,1463,0.69304158
1285,1463,0.16849977
1291,1463,0.14984358000000003
1303,1463,0.15397054
1307,1463,0.599743275
1313,1463,0.09983766999999999
1314,1463,0.5287205
1328,1463,0.395520685
1332,1463,0.5097215
1345,1463,0.55275379
1352,1463,0.29998570999999996
1361,1463,0.50183145
1384,1463,0.13417141500000002
1385,1463,0.724549905
1388,1463,0.680716715
1397,1463,0.77885205
1400,1463,0.531470925
1401,1463,0.602972285
1403,1463,0.753568505
1407,1463,0.37090046
1417,1463,0.60583495
1423,1463,0.489114445
1429,1463,0.50345592
1433,1463,0.68920047
1435,1463,0.60035165
1458,1463,0.68721955
1459,1463,0.224932745
1462,1463,0.5580015
1103,1285,0.7886946
1103,1407,0.5005910299999999
1103,1423,0.353901955
1103,1252,0.41576199
1104,1423,0.78594476
1104,1285,0.8491042200000001
1104,1407,0.822590535
1104,1252,0.69606382
1106,1285,0.34091887
1106,1252,0.15700614999999998
1106,1423,0.17268608500000004
1106,1407,0.169191765
1110,1407,0.24247511
1110,1423,0.1590637
1110,1252,0.19377585000000003
1110,1285,0.505288325
1112,1252,0.6863584650000001
1112,1407,0.7614706600000001
1112,1423,0.6915998
1112,1285,0.86116711
1116,1252,0.6367785749999999
1116,1423,0.7140722850000001
1116,1285,0.84298843
1116,1407,0.764617125
1120,1252,0.86492648
1120,1407,0.9056935429999999
1120,1285,0.911165165
1120,1423,0.8989410929999999
1124,1252,0.5915522449999999
1124,1423,0.64275588
1124,1285,0.83631976
1124,1407,0.746277415
1136,1423,0.35848035
1136,1252,0.30965535499999997
1136,1285,0.5788763
1136,1407,0.46213565
1140,1252,0.588351995
1140,1407,0.71226616
1140,1285,0.816385165
1140,1423,0.6336866649999999
1155,1285,0.9000154220000001
1155,1407,0.8063689350000001
1155,1252,0.75503538
1155,1423,0.7333683950000001
1161,1423,0.50894654
1161,1407,0.59814393
1161,1285,0.799217165
1161,1252,0.522672075
1163,1285,0.8728123050000001
1163,1252,0.6252062
1163,1407,0.7577349149999999
1163,1423,0.5681178499999999
1166,1252,0.64671959
1166,1407,0.66485912
1166,1285,0.8078960000000001
1166,1423,0.555139725
1179,1285,0.85813736
1179,1407,0.6249530000000001
1179,1423,0.51640235
1179,1252,0.567001965
1181,1252,0.89836442
1181,1407,0.869279845
1181,1423,0.875960335
1181,1285,0.921471825
1188,1285,0.53121974
1188,1423,0.25714243
1188,1407,0.355883195
1188,1252,0.28238882
1196,1407,0.907899155
1196,1423,0.89254094
1196,1285,0.905388657
1196,1252,0.8614584649999999
1208,1407,0.765663745
1208,1252,0.5926404999999999
1208,1423,0.7118054300000001
1208,1285,0.8478726050000001
1211,1252,0.8504781299999999
1211,1285,0.88827875
1211,1423,0.8056731
1211,1407,0.843112965
1213,1423,0.39854023
1213,1252,0.38662406
1213,1285,0.699920205
1213,1407,0.486728585
1219,1285,0.826254405
1219,1407,0.69802312
1219,1423,0.483050635
1219,1252,0.49384300000000003
1222,1407,0.8781087224999999
1222,1252,0.8084663750000001
1222,1285,0.9040905175
1222,1423,0.81976704
1228,1285,0.884282005
1228,1252,0.7167256200000001
1228,1407,0.783723955
1228,1423,0.72092817
1235,1407,0.8517018000000001
1235,1285,0.874080915
1235,1423,0.7766653450000001
1235,1252,0.731608805
1242,1285,0.87020739
1242,1407,0.78337045
1242,1423,0.70251307
1242,1252,0.70061798
1246,1285,0.8640875299999999
1246,1407,0.7956617450000001
1246,1423,0.76465661
1246,1252,0.6682986599999999
1251,1252,0.43117772
1251,1285,0.770746275
1251,1423,0.4767921
1251,1407,0.6554994000000001
1252,1423,0.5121328249999999
1252,1407,0.6271103849999999
1252,1285,0.843550405
1257,1423,0.690141915
1257,1407,0.781228425
1257,1285,0.894614975
1266,1423,0.64782849
1266,1407,0.760325295
1266,1285,0.8760134850000001
1268,1407,0.8806792050000001
1268,1285,0.910545395
1268,1423,0.860789875
1270,1285,0.82737953
1270,1407,0.5274158
1270,1423,0.46613266500000006
1272,1407,0.730595225
1272,1285,0.8333944900000001
1272,1423,0.658154
1276,1407,0.692064265
1276,1423,0.65122601
1276,1285,0.8426037749999999
1277,1423,0.808393555
1277,1285,0.88858498
1277,1407,0.838519385
1279,1423,0.713860645
1279,1285,0.85727438
1279,1407,0.78208162
1280,1407,0.78975122
1280,1285,0.84217103
1280,1423,0.7351858200000001
1281,1285,0.8581459929999999
1281,1407,0.8108858750000001
1281,1423,0.747742635
1285,1423,0.18325421000000003
1285,1407,0.32331071
1291,1423,0.187500355
1291,1407,0.31775675000000003
1303,1407,0.34016933
1303,1423,0.225655275
1307,1423,0.6103818
1307,1407,0.68708144
1313,1407,0.28754155
1313,1423,0.18270087499999998
1314,1407,0.708291435
1314,1423,0.56311216
1328,1423,0.5736745649999999
1328,1407,0.689345485
1332,1407,0.6770153750000001
1332,1423,0.5613952
1345,1407,0.7959378699999999
1345,1423,0.667401865
1352,1407,0.40508711500000005
1352,1423,0.318255725
1361,1423,0.58462415
1361,1407,0.699304715
1384,1423,0.15575938
1384,1407,0.217908475
1385,1423,0.790468665
1385,1407,0.881940132
1388,1407,0.8037040550000001
1388,1423,0.6789122999999999
1397,1407,0.899370175
1397,1423,0.85099279
1400,1423,0.6318720250000001
1400,1407,0.762356755
1401,1407,0.78713543
1401,1423,0.654426325
1403,1407,0.875646495
1403,1423,0.83771693
1407,1423,0.37663519
1417,1423,0.6445302500000001
1103,1303,0.8080613999999999
1103,1459,0.5663889200000001
1103,1352,0.576451005
1103,1136,0.551397055
1104,1303,0.867243365
1104,1459,0.893413555
1104,1136,0.801767275
1104,1352,0.838366035
1106,1136,0.18285875
1106,1459,0.288419995
1106,1352,0.215438805
1106,1303,0.418921605
1110,1136,0.34382056
1110,1303,0.468126685
1110,1459,0.37556239999999996
1110,1352,0.35103765
1112,1136,0.7028868149999999
1112,1459,0.8900250279999999
1112,1352,0.819700085
1112,1303,0.831834
1116,1303,0.814778475
1116,1459,0.84016165
1116,1136,0.68579005
1116,1352,0.76651992
1120,1136,0.878621875
1120,1352,0.90051238
1120,1303,0.907664845
1120,1459,0.9366301615
1124,1459,0.811868995
1124,1352,0.78003613
1124,1303,0.72941848
1124,1136,0.729476265
1136,1459,0.6083841999999999
1136,1303,0.597823725
1136,1352,0.550311315
1140,1303,0.767452
1140,1352,0.778970895
1140,1459,0.7770870000000001
1155,1459,0.8871676900000001
1155,1303,0.891592565
1155,1352,0.823392015
1161,1459,0.716728365
1161,1352,0.69033862
1161,1303,0.75225608
1163,1303,0.798746025
1163,1352,0.84397088
1163,1459,0.8443998500000001
1166,1352,0.69529843
1166,1459,0.7305175450000001
1166,1303,0.71631091
1179,1459,0.7364115
1179,1352,0.70127528
1179,1303,0.834219915
1181,1459,0.90613274
1181,1303,0.89790233
1181,1352,0.9077336524999999
1188,1459,0.47896488000000004
1188,1352,0.49823473500000004
1188,1303,0.50092945
1196,1303,0.9043100500000001
1196,1352,0.90396758
1196,1459,0.9292469225
1208,1352,0.76917268
1208,1303,0.8317762049999999
1208,1459,0.8630490150000001
1211,1459,0.905803515
1211,1303,0.876360645
1211,1352,0.849778325
1213,1352,0.60594338
1213,1459,0.629451095
1213,1303,0.690585905
1219,1352,0.768932635
1219,1459,0.71646254
1219,1303,0.83858741
1222,1303,0.886320925
1222,1352,0.9014658600000001
1222,1459,0.87275115
1228,1303,0.862559585
1228,1459,0.882034215
1228,1352,0.83833409
1235,1459,0.85500668
1235,1303,0.85566517
1235,1352,0.87228724
1242,1303,0.8471718850000001
1242,1459,0.84939085
1242,1352,0.816774415
1246,1303,0.852926015
1246,1459,0.891657185
1246,1352,0.78500711
1251,1352,0.72280582
1251,1303,0.7974086499999999
1251,1459,0.72759147
1252,1459,0.716441245
1252,1303,0.82456245
1252,1352,0.70380175
1257,1303,0.848510655
1257,1459,0.8635552900000001
1257,1352,0.8329522650000001
1266,1459,0.843227755
1266,1352,0.784322065
1266,1303,0.81317212
1268,1459,0.8837361770000001
1268,1303,0.89941976
1268,1352,0.8974304375
1270,1303,0.84112509
1270,1352,0.59994188
1270,1459,0.7522830949999999
1272,1352,0.7872513000000001
1272,1303,0.764475
1272,1459,0.7521631950000001
1276,1303,0.80087509
1276,1352,0.7489296599999999
1276,1459,0.8129338349999999
1277,1352,0.870118365
1277,1459,0.9019016900000001
1277,1303,0.863603345
1279,1459,0.83893448
1279,1303,0.82721398
1279,1352,0.776201755
1280,1459,0.873630305
1280,1352,0.76433873
1280,1303,0.81463591
1281,1352,0.823364365
1281,1459,0.889462725
1281,1303,0.8360419649999999
1285,1459,0.47535859999999996
1285,1352,0.38071803
1285,1303,0.44960411
1291,1459,0.28479690999999996
1291,1352,0.300716225
1291,1303,0.29191084
1303,1352,0.41889845000000003
1303,1459,0.46096282
1307,1352,0.780175045
1307,1459,0.8440376300000001
1313,1352,0.394401625
1313,1459,0.35513951
1314,1459,0.81111177
1314,1352,0.7150583
1328,1352,0.72103425
1328,1459,0.751066715
1332,1352,0.68866931
1332,1459,0.7602792300000001
1345,1459,0.8618823449999999
1345,1352,0.77759136
1352,1459,0.58440295
1361,1459,0.710827085
1384,1459,0.255874685
1385,1459,0.89013071
1388,1459,0.8664120399999999
1397,1459,0.92039319
1400,1459,0.8057700349999999
1401,1459,0.872393435
1403,1459,0.911563795
1407,1459,0.663014775
1417,1459,0.87714508
1423,1459,0.7004310149999999
1429,1459,0.7889086000000001
1433,1459,0.86834576
1435,1459,0.8222629100000001
1458,1459,0.8787720299999999
1103,1313,0.787752775
1103,1188,0.653906885
1103,1106,0.814575585
1103,1384,0.8042652800000001
1103,1291,0.8019994850000001
1103,1110,0.7028605649999999
1104,1384,0.833445735
1104,1188,0.8109566500000001
1104,1110,0.84897433
1104,1313,0.866310035
1104,1291,0.8656091225
1104,1106,0.8112520249999999
1106,1291,0.331199535
1106,1313,0.3535834
1106,1110,0.31417826000000004
1106,1188,0.248405805
1106,1384,0.42424689
1110,1188,0.45814857
1110,1313,0.60666153
1110,1291,0.52294635
1110,1384,0.56950424
1112,1188,0.85320554
1112,1313,0.86934662
1112,1291,0.8191026050000001
1112,1384,0.8401666750000001
1116,1313,0.800226965
1116,1291,0.815935525
1116,1384,0.8340538
1116,1188,0.7487898
1120,1188,0.8844442020000001
1120,1291,0.888596408
1120,1384,0.8691376550000001
1120,1313,0.928957798
1124,1313,0.8127212699999999
1124,1188,0.809170365
1124,1384,0.908928448
1124,1291,0.8922563925
1136,1291,0.678252935
1136,1384,0.7768995249999999
1136,1188,0.55897379
1136,1313,0.65804085
1140,1291,0.8195610600000001
1140,1384,0.8242413
1140,1313,0.89545612
1140,1188,0.79541135
1155,1313,0.9266553829999999
1155,1291,0.86719214
1155,1384,0.887913695
1155,1188,0.911505075
1161,1384,0.808947815
1161,1313,0.775914235
1161,1188,0.691553055
1161,1291,0.79594119
1163,1313,0.87384119
1163,1291,0.866123935
1163,1384,0.82603365
1163,1188,0.8209562100000001
1166,1291,0.801041745
1166,1188,0.721359225
1166,1313,0.77989375
1166,1384,0.836379225
1179,1313,0.8811360450000001
1179,1188,0.766219735
1179,1291,0.82491565
1179,1384,0.853078055
1181,1188,0.905119835
1181,1313,0.9368929029999999
1181,1384,0.8559114299999999
1181,1291,0.872955835
1188,1291,0.58593644
1188,1384,0.7446458899999999
1188,1313,0.6974136900000001
1196,1291,0.876500565
1196,1384,0.839176665
1196,1313,0.919312035
1208,1291,0.840634885
1208,1313,0.789947425
1208,1384,0.82982814
1211,1384,0.86706138
1211,1313,0.92444956
1211,1291,0.867759633
1213,1313,0.6731031700000001
1213,1384,0.74061427
1213,1291,0.7010543
1219,1291,0.82117244
1219,1313,0.8488006
1219,1384,0.827405725
1222,1291,0.869474335
1222,1313,0.9347807
1222,1384,0.86815073
1228,1291,0.86506695
1228,1384,0.846112605
1228,1313,0.8734531
1235,1384,0.860737475
1235,1291,0.880669505
1235,1313,0.900667475
1242,1313,0.837083875
1242,1291,0.9059979950000001
1242,1384,0.866516095
1246,1291,0.8790139299999999
1246,1313,0.86014347
1246,1384,0.883302995
1251,1384,0.822531325
1251,1313,0.82361284
1251,1291,0.830115225
1252,1291,0.84976393
1252,1384,0.865892025
1252,1313,0.858471885
1257,1291,0.8800985275
1257,1384,0.8693311100000001
1257,1313,0.911371255
1266,1291,0.8634967
1266,1313,0.897191427
1266,1384,0.850190815
1268,1313,0.92777944
1268,1291,0.890998145
1268,1384,0.86927999
1270,1313,0.852310735
1270,1384,0.838822735
1270,1291,0.816917675
1272,1384,0.840356885
1272,1313,0.8013165
1272,1291,0.8401165850000001
1276,1313,0.801514945
1276,1384,0.8241995200000001
1276,1291,0.8299318099999999
1277,1313,0.891523775
1277,1291,0.8858357800000001
1277,1384,0.841896735
1279,1313,0.835558275
1279,1384,0.847247705
1279,1291,0.8371973699999999
1280,1384,0.845825255
1280,1313,0.824981915
1280,1291,0.851650005
1281,1313,0.870740605
1281,1291,0.84395069
1281,1384,0.812390695
1285,1291,0.6353841650000001
1285,1384,0.7217802
1285,1313,0.55555608
1291,1313,0.50916985
1291,1384,0.5561613000000001
1303,1313,0.49151049
1303,1384,0.7787357100000001
1307,1384,0.8288469
1307,1313,0.88859942
1313,1384,0.7262999299999999
1314,1384,0.8476528050000001
1328,1384,0.82931286
1332,1384,0.834394045
1345,1384,0.8374404200000001
1352,1384,0.783745725
1361,1384,0.75977476
